En-us,En-gb,de,En-in,jp
http://shop.lenovo.com/us/laptops/thinkpad/compare,http://shop.lenovo.com/gbweb/gb/en/laptops/thinkpad/compare,http://shop.lenovo.com/deweb/de/de/notebook/thinkpad/compare,http://shopap.lenovo.com/in/en/laptops/thinkpad/compare,http://shopap.lenovo.com/jp/notebooks/thinkpad/compare
http://shop.lenovo.com/us/laptops/thinkpad/edge-series,http://shop.lenovo.com/gbweb/gb/en/laptops/thinkpad/thinkpad-edge,http://shop.lenovo.com/deweb/de/de/notebook/thinkpad/thinkpad-edge,http://shopap.lenovo.com/in/en/laptops/thinkpad/edge-series,http://shopap.lenovo.com/jp/notebooks/thinkpad/edge-series
http://shop.lenovo.com/us/laptops/thinkpad/edge-series/features,http://shop.lenovo.com/gbweb/gb/en/laptops/thinkpad/thinkpad-edge/features,http://shop.lenovo.com/deweb/de/de/notebook/thinkpad/thinkpad-edge/features,http://shopap.lenovo.com/in/en/laptops/thinkpad/edge-series/features,http://shopap.lenovo.com/jp/notebooks/thinkpad/edge-series/features
http://shop.lenovo.com/us/laptops/thinkpad/t-series,http://shop.lenovo.com/gbweb/gb/en/laptops/thinkpad/t-series/,http://shop.lenovo.com/deweb/de/de/notebook/thinkpad/t-series,http://shopap.lenovo.com/in/en/products/laptops/thinkpad/t-series/,http://shopap.lenovo.com/jp/notebooks/thinkpad/t-series
http://shop.lenovo.com/us/laptops,http://shop.lenovo.com/gbweb/gb/en/laptops,http://shop.lenovo.com/deweb/de/de/notebook,http://shopap.lenovo.com/in/en/products/laptops/,http://shopap.lenovo.com/jp/products/laptops/
http://shop.lenovo.com/us/laptops/thinkpad/w-series/w530,http://shop.lenovo.com/gbweb/gb/en/learn/products/laptops/thinkpad/w-series/w530/,http://shop.lenovo.com/deweb/de/de/notebook/thinkpad/w-series,http://shopap.lenovo.com/in/en/products/laptops/thinkpad/w-series/w530/,http://shopap.lenovo.com/jp/products/laptops/thinkpad/w-series/w530/
http://shop.lenovo.com/us/laptops/thinkpad/x-series,http://shop.lenovo.com/gbweb/gb/en/learn/products/laptops/thinkpad/x-series/,http://shop.lenovo.com/us/laptops/thinkpad/x-series,http://shopap.lenovo.com/in/en/products/laptops/thinkpad/x-series/,http://shopap.lenovo.com/jp/notebooks/thinkpad/x-series
http://shop.lenovo.com/us/laptops/thinkpad/x-series/x1,http://shop.lenovo.com/gbweb/GB/en/learn/products/laptops/thinkpad/x-series/x1/index.html,http://shop.lenovo.com/deweb/DE/de/learn/products/laptops/thinkpad/x-series/x1/index.html,http://shopap.lenovo.com/in/en/products/laptops/thinkpad/x-series/x1/index.html,http://shopap.lenovo.com/jp/products/laptops/thinkpad/x-series/x1/index.html
http://shop.lenovo.com/us/laptops/thinkpad/x-series/x220,http://shop.lenovo.com/gbweb/gb/en/learn/products/professional-grade/thinkpad/x-series/x220/index.html,http://shop.lenovo.com/deweb/DE/de/learn/products/laptops/thinkpad/x-series/x220/index.html,http://shopap.lenovo.com/in/en/products/laptops/thinkpad/x-series/x220/index.html,http://shopap.lenovo.com/jp/notebooks/thinkpad/x-series/x220
